                  epoch,         train/box_loss,         train/cls_loss,         train/dfl_loss,   metrics/precision(B),      metrics/recall(B),       metrics/mAP50(B),    metrics/mAP50-95(B),           val/box_loss,           val/cls_loss,           val/dfl_loss,                 lr/pg0,                 lr/pg1,                 lr/pg2
                      1,                 1.9625,                 3.9643,                 1.7344,                0.00627,                0.29689,                  0.028,                0.01592,                 1.4722,                 4.0482,                 1.7231,              7.777e-05,              7.777e-05,              7.777e-05
                      2,                 1.7604,                 3.4585,                 1.6088,                0.01233,                0.62845,                0.10742,                0.05995,                 1.2893,                 3.8852,                 1.4827,             0.00016335,             0.00016335,             0.00016335
